Datetime,Water Level (m)
2025-10-16 00:00:00,-1.3208656e-07
2025-10-16 01:00:00,-1.5847442e-07
2025-10-16 02:00:00,-1.788734e-07
2025-10-16 03:00:00,-1.9481251e-07
2025-10-16 04:00:00,-2.1124833e-07
2025-10-16 05:00:00,-2.377693e-07
2025-10-16 06:00:00,-2.7901544e-07
2025-10-16 07:00:00,-3.3499825e-07
2025-10-16 08:00:00,-4.065579e-07
2025-10-16 09:00:00,-4.91327e-07
2025-10-16 10:00:00,-5.831005e-07
2025-10-16 11:00:00,-6.70982e-07
2025-10-16 12:00:00,-7.413601e-07
2025-10-16 13:00:00,-8.115312e-07
2025-10-16 14:00:00,-8.6181166e-07
2025-10-16 15:00:00,-8.956969e-07
2025-10-16 16:00:00,-9.2072753e-07
2025-10-16 17:00:00,-9.555802e-07
2025-10-16 18:00:00,-1.0086469e-06
2025-10-16 19:00:00,-1.0692462e-06
2025-10-16 20:00:00,-1.1312271e-06
2025-10-16 21:00:00,-1.2082612e-06
2025-10-16 22:00:00,1.7012311e-06
2025-10-16 23:00:00,0.110858224
2025-10-17 00:00:00,0.13085474
2025-10-17 01:00:00,0.14309378
2025-10-17 02:00:00,0.13818704
2025-10-17 03:00:00,0.14011505
2025-10-17 04:00:00,0.13622135
2025-10-17 05:00:00,0.14360261
2025-10-17 06:00:00,0.14798649
2025-10-17 07:00:00,0.15584207
2025-10-17 08:00:00,0.16606343
2025-10-17 09:00:00,0.1761319
2025-10-17 10:00:00,0.18558694
2025-10-17 11:00:00,0.19333939
2025-10-17 12:00:00,0.20205565
2025-10-17 13:00:00,0.20867148
2025-10-17 14:00:00,0.21303724
2025-10-17 15:00:00,0.21571462
2025-10-17 16:00:00,0.21384779
2025-10-17 17:00:00,0.21250083
2025-10-17 18:00:00,0.21622944
2025-10-17 19:00:00,0.21830012
2025-10-17 20:00:00,0.22380354
2025-10-17 21:00:00,0.23653688
2025-10-17 22:00:00,0.25102073
2025-10-17 23:00:00,0.26554966
2025-10-18 00:00:00,0.27873793
2025-10-18 01:00:00,0.2903589
2025-10-18 02:00:00,0.30002582
2025-10-18 03:00:00,0.30802244
2025-10-18 04:00:00,0.31501177
2025-10-18 05:00:00,0.32231426
2025-10-18 06:00:00,0.33196586
2025-10-18 07:00:00,0.3446063
2025-10-18 08:00:00,0.3603102
2025-10-18 09:00:00,0.37800297
2025-10-18 10:00:00,0.39642146
2025-10-18 11:00:00,0.4153874
2025-10-18 12:00:00,0.44181448
2025-10-18 13:00:00,0.47021365
2025-10-18 14:00:00,0.4974091
2025-10-18 15:00:00,0.5220629
2025-10-18 16:00:00,0.5439402
2025-10-18 17:00:00,0.56382656
2025-10-18 18:00:00,0.58415395
2025-10-18 19:00:00,0.60761285
2025-10-18 20:00:00,0.65124923
2025-10-18 21:00:00,0.6985295
2025-10-18 22:00:00,0.74473053
2025-10-18 23:00:00,0.788051
2025-10-19 00:00:00,0.8276343
2025-10-19 01:00:00,0.8631049
2025-10-19 02:00:00,0.8945597
2025-10-19 03:00:00,0.92243606
2025-10-19 04:00:00,0.9472653
2025-10-19 05:00:00,0.96982485
2025-10-19 06:00:00,0.99148554
2025-10-19 07:00:00,1.014296
2025-10-19 08:00:00,1.036139
2025-10-19 09:00:00,1.055741
2025-10-19 10:00:00,1.0737686
2025-10-19 11:00:00,1.0896297
2025-10-19 12:00:00,1.1030458
2025-10-19 13:00:00,1.1140056
2025-10-19 14:00:00,1.122495
2025-10-19 15:00:00,1.1286017
2025-10-19 16:00:00,1.1326487
2025-10-19 17:00:00,1.1353824
2025-10-19 18:00:00,1.138162
2025-10-19 19:00:00,1.1430585
2025-10-19 20:00:00,1.1516005
2025-10-19 21:00:00,1.163497
2025-10-19 22:00:00,1.1773245
2025-10-19 23:00:00,1.191752
2025-10-20 00:00:00,1.204715
2025-10-20 01:00:00,1.2157943
2025-10-20 02:00:00,1.2253517
2025-10-20 03:00:00,1.2333763
2025-10-20 04:00:00,1.2397742
2025-10-20 05:00:00,1.2447954
2025-10-20 06:00:00,1.2489944
2025-10-20 07:00:00,1.2542402
2025-10-20 08:00:00,1.2624578
2025-10-20 09:00:00,1.2743077
2025-10-20 10:00:00,1.2879792
2025-10-20 11:00:00,1.3017715
2025-10-20 12:00:00,1.3137413
2025-10-20 13:00:00,1.3240862
2025-10-20 14:00:00,1.3329538
2025-10-20 15:00:00,1.3400427
2025-10-20 16:00:00,1.3452994
2025-10-20 17:00:00,1.3491035
2025-10-20 18:00:00,1.3521001
2025-10-20 19:00:00,1.355821
2025-10-20 20:00:00,1.3623389
2025-10-20 21:00:00,1.373024
2025-10-20 22:00:00,1.3859504
2025-10-20 23:00:00,1.3998566
2025-10-21 00:00:00,1.4129324
2025-10-21 01:00:00,1.4238312
2025-10-21 02:00:00,1.4330021
2025-10-21 03:00:00,1.4405789
2025-10-21 04:00:00,1.446435
2025-10-21 05:00:00,1.4506403
2025-10-21 06:00:00,1.4534718
2025-10-21 07:00:00,1.4560376
2025-10-21 08:00:00,1.4602859
2025-10-21 09:00:00,1.4678783
2025-10-21 10:00:00,1.478328
2025-10-21 11:00:00,1.4896059
2025-10-21 12:00:00,1.4996161
2025-10-21 13:00:00,1.5078167
2025-10-21 14:00:00,1.514689
2025-10-21 15:00:00,1.5200266
2025-10-21 16:00:00,1.5234332
2025-10-21 17:00:00,1.5251453
2025-10-21 18:00:00,1.5257381
2025-10-21 19:00:00,1.5261594
2025-10-21 20:00:00,1.5282456
2025-10-21 21:00:00,1.5343372
2025-10-21 22:00:00,1.5438336
2025-10-21 23:00:00,1.5547062
2025-10-22 00:00:00,1.565566
